age,ed,employ,address,income,debtinc,creddebt,othdebt,default
41,3,17,12,176,9.3,11.359392,5.008608,1
27,1,10,6,31,17.3,1.362202,4.000798,0
40,1,15,14,55,5.5,.856075,2.168925,0
41,1,15,14,120,2.9,2.65872,.82128,0